board_type,board_code,board_name,trade_date,open,high,low,close,volume,amount,source
industry,881121,半导体,2026-09-01,17063.091,17068.104,16565.452,16613.152,2703196000,221990800000.0,ths
industry,881121,半导体,2026-09-02,16364.559,16538.522,16262.212,16390.583,2285551200,181894040000.0,ths
industry,881121,半导体,2026-09-03,16569.955,16589.001,16149.46,16345.694,2183443200,171004830000.0,ths
industry,881121,半导体,2026-09-04,16505.358,16691.902,15754.48,15884.055,2673930300,215610800000.0,ths
industry,881121,半导体,2026-09-07,16071.804,16400.121,15954.966,16287.701,2685018700,236516340000.0,ths
industry,881121,半导体,2026-09-08,16275.854,16444.793,16001.929,16078.786,2442699200,216280320000.0,ths
industry,881121,半导体,2026-09-09,16201.504,16410.02,15921.434,16013.275,2282941200,173840250000.0,ths
industry,881121,半导体,2026-09-10,15902.704,16111.689,15805.258,15899.856,2078981100,157315420000.0,ths
industry,881121,半导体,2026-09-11,15674.613,15689.854,15124.759,15578.57,2711849500,214328330000.0,ths
industry,881121,半导体,2026-09-14,15394.931,15787.031,15233.204,15658.305,2162496900,165482410000.0,ths
industry,881121,半导体,2026-09-15,15595.847,16114.885,15595.847,15864.309,2410479800,190551710000.0,ths
industry,881121,半导体,2026-09-16,15885.72,16659.646,15839.304,16623.508,3310749800,254430600000.0,ths
industry,881121,半导体,2026-09-17,16550.228,16808.363,16486.521,16584.308,2921509700,229439900000.0,ths
industry,881121,半导体,2026-09-18,16887.27,17449.59,16832.472,17299.629,4092815000,332951060000.0,ths
industry,881121,半导体,2026-09-21,17424.664,17470.316,17210.305,17339.168,3574642500,269816770000.0,ths
industry,881121,半导体,2026-09-22,17670.281,17919.505,17381.952,17461.991,3867406800,317896460000.0,ths
industry,881121,半导体,2026-09-23,17500.79,17738.468,17410.206,17697.219,3103609000,228634080000.0,ths
industry,881121,半导体,2026-09-24,17584.362,17659.369,17308.177,17308.177,2834924200,207215590000.0,ths
industry,881121,半导体,2026-09-28,17215.502,17215.502,16395.72,16495.842,3013740100,226224990000.0,ths
industry,881121,半导体,2026-09-29,16457.026,16661.803,16381.834,16576.197,2454291500,172785600000.0,ths
industry,881121,半导体,2026-09-30,16686.372,16692.934,16075.899,16092.609,2340424600,178289970000.0,ths
